,ID,TITLE,DATE,PRICE,ADDRESS,CATEGORIES,DESCRIPTION,VIEWS,SPECS
0,2600815459,"1-–∫. –∫–≤–∞—Ä—Ç–∏—Ä–∞, 50 –º¬≤, 11/13 —ç—Ç.",2024-07-20 17:33,1500,"–†–µ—Å–ø—É–±–ª–∏–∫–∞ –î–∞–≥–µ—Å—Ç–∞–Ω, –ú–∞—Ö–∞—á–∫–∞–ª–∞, —É–ª. –í—Ä–µ–º–µ–Ω–∞ –ì–æ–¥–∞, 9–∫2","['–ù–µ–¥–≤–∏–∂–∏–º–æ—Å—Ç—å', '–ö–≤–∞—Ä—Ç–∏—Ä—ã', '–°–Ω—è—Ç—å', '–ü–æ—Å—É—Ç–æ—á–Ω–æ', '1-–∫–æ–º–Ω–∞—Ç–Ω—ã–µ']","‚òéÔ∏èüìûüìû‚¨áÔ∏è
–î–ê–¢–´ –°–íO–ë–û–î–ù–´!‚ùóÔ∏è
(–°–ê–ú–´–ï –í–´–ìO–î–ù–´E ((89)89))
–ü–†E–î–õO–ñ–ïH–ò–Ø! ((671)) –ëe–∑ –ø–æ—Å—Äe–¥–Ω–∏–∫o–≤!((0193))
–ó–≤o–Ωo–∫ c –ê–≤–∏—Ç–æ –¥–æx–æ–¥–∏—Ç 6-7 –≥—É–¥–∫–∞!
–í—Å–µ–≥–¥a –µ—Å—Ç—å –≤—ã–±–æ—Ä!!!
–í –∫–≤–∞—Ä—Ç–∏—Äe e—Å—Ç—å –≤c–µ –Ωeo–±xo–¥–∏–ºoe –¥–ª—è –øp–æ–∂–∏–≤–∞–Ω–∏—è. –í —àa–≥o–≤–æ–π –¥–æ—Å—Ç—É–ø–Ωo—Å—Ç–∏ –ºope, –ø–∞p–∫ a—Ç—Ç—Ä–∞–∫—Ü–∏–æ–Ωo–≤, –ºec—Ça o–±—â–µc—Ç–≤–µ–Ω–Ω–æ–≥–æ –ø–∏—Ça–Ω–∏—è, o–∑e—Ä–æ A–ö-–≥–µ–ª—å, —Ä–∞–∑–ª–∏—á–Ω—ã–µ –º–∞–≥–∞–∑–∏–Ω—ã, –∏–º–µ–µ—Ç—Å—è –¥–µ—Ç—Å–∫–∞—è –ø–ª–æ—â–∞–¥–∫–∞, –≤–æ –¥–≤–æ—Ä–µ –±–µ—Å–ø–ª–∞—Ç–Ω–∞—è –ø–∞—Ä–∫–æ–≤–∫–∞

–°–¥–∞—ë—Ç—Å—è –∫–≤–∞—Ä—Ç–∏—Ä–∞ –ø–æ—Å—É—Ç–æ—á–Ω–æ —Ä—è–¥–æ–º —Å –º–æ—Ä–µ–º. –ë–æ–ª—å—à–æ–π –≤—ã–±–æ—Ä. –ö–≤–∞—Ä—Ç–∏—Ä–∞ —á—Ç–æ –Ω–∞ —Ñ–æ—Ç–æ –õ–Æ–ö–°. –ï—Å—Ç—å –∫–≤–∞—Ä—Ç–∏—Ä—ã –±–µ–∑ —Å–æ—Å–µ–¥–µ–π –∏ –ü–û–°–¢–û–†–û–ù–ò–• –≥–ª–∞–∑.
–ü—Ä–µ–¥–æ–ø–ª–∞—Ç—É –≤–Ω–æ—Å–∏—Ç–µ, —Ç–æ–ª—å–∫–æ –ø–æ—Å–ª–µ –æ–±—Å—É–∂–¥–µ–Ω–∏—è –≤—Å–µ—Ö –¥–µ—Ç–∞–ª–µ–π –±—Ä–æ–Ω–∏—Ä–æ–≤–∞–Ω–∏—è —Å–æ –º–Ω–æ–π –ª–∏—á–Ω–æ –ø–æ —Ç–µ–ª–µ—Ñ–æ–Ω—É. –ü–æ—Å–ª–µ –∑–∞—Å–µ–ª–µ–Ω–∏—è –æ–ø–ª–∞—á–∏–≤–∞–µ—Ç–µ 100% —Å—É–º–º—ã –∞—Ä–µ–Ω–¥—ã –∫–≤–∞—Ä—Ç–∏—Ä—ã. –í —Å–ª—É—á–∞–µ –æ—Ç–º–µ–Ω—ã –±—Ä–æ–Ω–∏ –¥–µ–ø–æ–∑–∏—Ç –Ω–µ –≤–æ–∑–≤—Ä–∞—â–∞–µ—Ç—Å—è.
–ö–≤–∞—Ä—Ç–∏—Ä–∞ –Ω–æ–≤–∞—è, —Å —Ö–æ—Ä–æ—à–∏–º —Ä–µ–º–æ–Ω—Ç–æ–º.
–° –æ–Ω–ª–∞–π–Ω –±—Ä–æ–Ω–∏—Ä–æ–≤–∞–Ω–∏–µ–º +15%.
–¶–µ–Ω—ã –º–æ–≥—É—Ç –º–µ–Ω—è—Ç—å—Å—è –≤ –∑–∞–≤–∏—Å–∏–º–æ—Å—Ç–∏ –æ—Ç –∫–æ–ª–∏—á–µ—Å—Ç–≤–∞ –≥–æ—Å—Ç–µ–π, –≤—Ä–µ–º–µ–Ω–∏/—Å—É—Ç–æ–∫ –ø—Ä–µ–±—ã–≤–∞–Ω–∏—è –≤ –∫–≤–∞—Ä—Ç–∏—Ä–µ, –¥–∞—Ç, –¥–Ω–µ–π –≤—ã—Å–æ–∫–æ–≥–æ —Å–ø—Ä–æ—Å–∞ –∏ —Ç.–¥

–°—É—Ç–∫–∏ –∑–∞–µ–∑–¥ –≤ 14:00, —Ä–∞—Å—á—ë—Ç–Ω–æ–µ –≤—Ä–µ–º—è –¥–æ 12 —á–∞—Å–æ–≤ —Å–ª–µ–¥—É—é—â–µ–≥–æ –¥–Ω—è –≤–æ —Å–∫–æ–ª—å–∫–æ –±—ã –≤—ã –¥–æ —ç—Ç–æ–≥–æ –Ω–µ –∑–∞—Å–µ–ª–∏–ª–∏—Å—å. –û—Å—Ç–∞–ª—å–Ω–æ –≤—Ä–µ–º—è –ø—Ä–æ–≤–æ–∂–¥–µ–Ω–∏—è –≤ –∫–≤–∞—Ä—Ç–∏—Ä–µ –æ–ø–ª–∞—á–∏–≤–∞–µ—Ç—Å—è –¥–æ–ø–æ–ª–Ω–∏—Ç–µ–ª—å–Ω–æ.

–ö—É—Ä–∏—Ç—å –≤ –∫–≤–∞—Ä—Ç–∏—Ä–µ –∑–∞–ø—Ä–µ—â–µ–Ω–æ!
–ó–∞ –ø–æ—Ä—á—É –∏–º—É—â–µ—Å—Ç–≤–∞ —à—Ç—Ä–∞—Ñ!

–ü—Ä–∏ –≤—ã—Å–µ–ª–µ–Ω–∏–∏ –Ω–µ –æ—Å—Ç–∞–≤–ª—è–π—Ç–µ –∏ –Ω–µ –∑–∞–±—ã–≤–∞–π—Ç–µ –ª–∏—á–Ω—ã–µ –≤–µ—â–∏, –≤ —Å–ª—É—á–∞–µ –ø–æ—Ç–µ—Ä–∏ –æ—Ç–≤–µ—Ç—Å—Ç–≤–µ–Ω–Ω–æ—Å—Ç—å –Ω–µ –Ω–µ—Å—ë–º ‚ùóÔ∏è

–ü—Ä–∏ —Å–µ–±–µ –∏–º–µ—Ç—å –¥–æ–∫—É–º–µ–Ω—Ç—ã —É–¥–æ—Å—Ç–æ–≤–µ—Ä—è—é—â–∏–π –ª–∏—á–Ω–æ—Å—Ç—å‚ùóÔ∏è

‚ÄºÔ∏è‚ÄºÔ∏è–ë–ï–°–ü–õ–ê–¢–ù–´–ô –¢–†–ê–ù–°–§–ï–† –ò–ó –ê–≠–†–û–ü–û–†–¢–ê –î–û –ö–í–ê–†–¢–ò–†–´ (–ü—Ä–∏ –∞—Ä–µ–Ω–¥–µ –∂–∏–ª—å—è –æ—Ç 7 –¥–Ω–µ–π)

–ü–æ —ç—Ç–∏–º —Å–ª–æ–≤–∞–º –≤—ã –º–æ–≥–ª–∏ –Ω–∞—Å –Ω–∞–π—Ç–∏: –∞–ø–∞—Ä—Ç–∞–º–µ–Ω—Ç—ã –≤ –º–∞—Ö–∞—á–∫–∞–ª–µ, –∫–≤–∞—Ä—Ç–∏—Ä–∞ –≤ –º–∞—Ö–∞—á–∫–∞–ª–µ, –∫–≤–∞—Ä—Ç–∏—Ä–∞ –ø–æ—Å—É—Ç–æ—á–Ω–æ, —Å–Ω—è—Ç—å –∫–≤–∞—Ä—Ç–∏—Ä—É, —Å–Ω—è—Ç—å –∞–ø–∞—Ä—Ç–∞–º–µ–Ω—Ç—ã, —Å–Ω—è—Ç—å –∞–ø–∞—Ä—Ç–∞–º–µ–Ω—Ç—ã –Ω–∞ —Å—É—Ç–∫–∏, –∞—Ä–µ–Ω–¥–∞ –∂–∏–ª—å—è, –∞—Ä–µ–Ω–¥–∞ –∫–≤–∞—Ä—Ç–∏—Ä—ã, –∞—Ä–µ–Ω–¥–∞ –∞–ø–∞—Ä—Ç–∞–º–µ–Ω—Ç–æ–≤, —Å—É—Ç–æ—á–Ω–æ, –ø–æ—Å—É—Ç–æ—á–Ω–æ.",153359,"[('–ö–æ–ª–∏—á–µ—Å—Ç–≤–æ –∫–æ–º–Ω–∞—Ç', '1'), ('–ö—Ä–æ–≤–∞—Ç–∏', '1 –¥–∏–≤–∞–Ω-–∫—Ä–æ–≤–∞—Ç—å, 1 –æ—Å–æ–±–æ —à–∏—Ä–æ–∫–∞—è'), ('–û–±—â–∞—è –ø–ª–æ—â–∞–¥—å', '50 –º¬≤'), ('–≠—Ç–∞–∂', '11 –∏–∑ 13'), ('–¢–µ—Ö–Ω–∏–∫–∞', '–∫–æ–Ω–¥–∏—Ü–∏–æ–Ω–µ—Ä'), ('–ó–∞–ª–æ–≥', '0 ‚ÇΩ'), ('–í–æ–∑–º–æ–∂–Ω–∞ –ø–æ–º–µ—Å—è—á–Ω–∞—è –∞—Ä–µ–Ω–¥–∞', '–î–∞'), ('–ö–æ–ª–∏—á–µ—Å—Ç–≤–æ –≥–æ—Å—Ç–µ–π', '2'), ('–ú–æ–∂–Ω–æ —Å –¥–µ—Ç—å–º–∏', '–¥–∞'), ('–ú–æ–∂–Ω–æ —Å –∂–∏–≤–æ—Ç–Ω—ã–º–∏', '–¥–∞'), ('–ú–æ–∂–Ω–æ –∫—É—Ä–∏—Ç—å', '–Ω–µ—Ç'), ('–†–∞–∑—Ä–µ—à–µ–Ω—ã –≤–µ—á–µ—Ä–∏–Ω–∫–∏', '–Ω–µ—Ç'), ('–ï—Å—Ç—å –æ—Ç—á—ë—Ç–Ω—ã–µ –¥–æ–∫—É–º–µ–Ω—Ç—ã', '–Ω–µ—Ç'), ('–≠—Ç–∞–∂–µ–π –≤ –¥–æ–º–µ', '13'), ('–ü–∞—Ä–∫–æ–≤–∫–∞', '–Ω–∞ —É–ª–∏—Ü–µ, –±–µ—Å–ø–ª–∞—Ç–Ω–æ –¥–ª—è –≥–æ—Å—Ç–µ–π')]"
1,3889152048,"2-–∫. –∫–≤–∞—Ä—Ç–∏—Ä–∞, 80 –º¬≤, 6/10 —ç—Ç.",19 –∏—é–ª—è –≤ 06:19,2500,"–†–µ—Å–ø—É–±–ª–∏–∫–∞ –î–∞–≥–µ—Å—Ç–∞–Ω, –ú–∞—Ö–∞—á–∫–∞–ª–∞, –ì—É–±–¥–µ–Ω—Å–∫–∞—è —É–ª., 37","['–ù–µ–¥–≤–∏–∂–∏–º–æ—Å—Ç—å', '–ö–≤–∞—Ä—Ç–∏—Ä—ã', '–°–Ω—è—Ç—å', '–ü–æ—Å—É—Ç–æ—á–Ω–æ', '2-–∫–æ–º–Ω–∞—Ç–Ω—ã–µ']","–üp–∏ –±po–Ω–∏p–æ–≤–∞–Ω–∏–∏ –ê–≤–∏—Ç–æ —É–¥–µ—Ä–∂–∏–≤–∞–µ—Ç 15% c –∫–∞–∂–¥o–π –Ω–æ—á–∏ –∑–∞ –∏—Å–øo–ª—å–∑–æ–≤–∞–Ω–∏e –ía–º–∏ —Éc–ª—É–≥a–º–∏ ca–π—Ça –∫–æ—Ç–æ—Ä—ãe –Ω–µ –≤—Ö–æ–¥—è—Ç –≤ –æ–±—â—É—é —Å—É–º–º—É –∫–≤a—Ä—Ç–ø–ª–∞—Ç—ã, –±—Ä–æ–Ω–∏—Ä—É–π—Ç–µ —É–º–Ω–æ‚ô•Ô∏è‚ô•Ô∏è‚ô•Ô∏è
–¶–ïHA –úO–ñ–ïT HA –ò–Æ–õ–¨ AB–ì–£CT –ú–ï–ù–ØT–¨C–Ø –í –ù–ï –óA–í–òC–òMO–°T–ò O–¢ –ë–†–ûH–òPOB–êH–ò–Ø üåπ

–£–±–µ–¥–∏—Çe–ª—å–Ω–∞—è –ø—Äoc—å–±a –Ω–µ –æ—Ç–øp–∞–≤–ª—è—Ç—å –±—Ä–æ–Ω–∏—Ä–æ–≤–∞–Ω–∏–µ —á—Ç–æ–±—ã –ø—Ä–æ—Å—Ç–æ —Å–ø—Ä–æ—Å–∏—Ç—å! –í –æ–ø–∏—Å–∞–Ω–∏–∏ –≤—Å—ë –Ω–∞–ø–∏—Å–∞–Ω–æ, –∑–∞ –∫–∞–∂–¥—É—é –Ω–µ–æ–ø–ª–∞—á–µ–Ω–Ω—É—é –∏–ª–∏ –æ—Ç–º–µ–Ω—É –±—Ä–æ–Ω–∏ –∞–≤–∏—Ç–æ –±–ª–æ–∫–∏—Ä—É–µ—Ç –æ–±—ä—è–≤–ª–µ–Ω–∏–µ. –ë—É–¥—å—Ç–µ –¥–æ–±—Ä–µ–µ!
–ú–æ–≥—É –≤—Å—Ç—Ä–µ—Ç–∏—Ç—å —Å –∞—ç—Ä–æ–ø–æ—Ä—Ç–∞, –∞–≤—Ç–æ –∫–ª–∞—Å—Å–∞ –∫–æ–º—Ñ–æ—Ä—Ç +–¥–æ–ø-–æ–ø–ª–∞—Ç–∞ üåπ
–ü—Ä–∏–≤–µ—Ç—Å—Ç–≤—É—é –≥–æ—Å—Ç–µ–π –Ω–∞—à–µ–≥–æ –≥–æ—Ä–æ–¥–∞ üåÜ
–ü—Ä–µ–¥—Å—Ç–∞–≤–ª–µ–Ω–∞ –∫–≤–∞—Ä—Ç–∏—Ä–∞ 2-—Ö –∫–æ–º–Ω–∞—Ç–Ω–∞—è –±–æ–ª—å—à–∞—è —Å —Ö–æ—Ä–æ—à–∏–º —Ä–µ–º–æ–Ω—Ç–æ–º –æ—Ç 15-20 –º–∏–Ω—É—Ç –æ—Ç –∞—ç—Ä–æ–ø–æ—Ä—Ç–∞ –¥–æ –º–æ—Ä—è –º–µ—Ç—Ä–æ–≤ 50 –ø–µ—à–∫–æ–º üåä
–†—è–¥–æ–º —Ä–∞–∑–Ω—ã–µ –ø–ª—è–∂–∏, —Ü–µ–Ω—Ç—Ä—ã, –ø–∞—Ä–∫–∏, –∞–ª–ª–µ–∏, –∫–∏–Ω–æ—Ç–µ–∞—Ç—Ä —Å–∏–Ω–µ–º–∞ —Ö–æ–ª–ª, –¥—Ä–∞–∫–æ–Ω –ø–∞—Ä–∫, –∞–ø—Ç–µ–∫–∏, —Å—É–ø–µ—Ä–º–∞—Ä–∫–µ—Ç—ã –≤–æ–∑–ª–µ –¥–æ–º–∞ –∏ –º–Ω–æ–≥–æ–µ –¥—Ä—É–≥–æ–µ
–í –∫–≤–∞—Ä—Ç–∏—Ä–µ –∏–º–µ–µ—Ç—Å—è –≤—Å—ë –Ω–æ–≤–æ–µ
–ü–æ—Å—Ç–µ–ª—å–Ω–æ–µ –±–µ–ª—å–µ,–æ–¥–µ—è–ª–∞,–ø–æ–ª–æ—Ç–µ–Ω—Ü–∞,—Å—Ä–µ–¥—Å—Ç–≤–∞ –≥–∏–≥–∏–µ–Ω—ã, –≤—Å—è –Ω—É–∂–Ω–∞—è –ø–æ—Å—É–¥–∞, –º–∏–∫—Ä–æ–≤–æ–ª–Ω–æ–≤–∞—è –ø–µ—á—å, –º—É–ª—å—Ç–∏–≤–∞—Ä–∫–∞ –ø–æ–ª–∞—Ä–∏—Å , —Ö–æ–ª–æ–¥–∏–ª—å–Ω–∏–∫, –¥–≤–∞ –∫–æ–Ω–¥–∏—Ü–∏–æ–Ω–µ—Ä–∞, —Ç–µ–ª–µ–≤–∏–∑–æ—Ä —Å –≤—ã—Ö–æ–¥–æ–º –≤ –∏–Ω—Ç–µ—Ä–Ω–µ—Ç, —Å—Ç–∏—Ä–∞–ª—å–Ω–∞—è –º–∞—à–∏–Ω–∫–∞, —Ñ–µ–Ω, –≥/—Ö –≤–æ–¥–∞ –ø–æ—Å—Ç–æ—è–Ω–Ω–æ, –ª–∏—Ñ—Ç –∏ —Ç.–¥.
–ö–≤–∞—Ä—Ç–∏—Ä–∞ —Å —Ö–æ—Ä–æ—à–∏–º —Ä–µ–º–æ–Ω—Ç–æ–º —á–∏—Å—Ç–∞—è –∏ –≤—Å–µ–º–∏ —É—Å–ª–æ–≤–∏—è–º–∏ –≥–æ—Ç–æ–≤–∞ –ø—Ä–∏–Ω—è—Ç—å —Å–≤–æ–∏—Ö –≥–æ—Å—Ç–µ–π
–î–æ–±—Ä–æ –ø–æ–∂–∞–ª–æ–≤–∞—Ç—å üåπ",7506,"[('–ö–æ–ª–∏—á–µ—Å—Ç–≤–æ –∫–æ–º–Ω–∞—Ç', '2'), ('–ö—Ä–æ–≤–∞—Ç–∏', '1 –¥–∏–≤–∞–Ω-–∫—Ä–æ–≤–∞—Ç—å, 2 –æ—Å–æ–±–æ —à–∏—Ä–æ–∫–∏—Ö'), ('–û–±—â–∞—è –ø–ª–æ—â–∞–¥—å', '80 –º¬≤'), ('–≠—Ç–∞–∂', '6 –∏–∑ 10'), ('–¢–µ—Ö–Ω–∏–∫–∞', '–∫–æ–Ω–¥–∏—Ü–∏–æ–Ω–µ—Ä, —Ö–æ–ª–æ–¥–∏–ª—å–Ω–∏–∫, –ø–ª–∏—Ç–∞, –º–∏–∫—Ä–æ–≤–æ–ª–Ω–æ–≤–∫–∞, —Å—Ç–∏—Ä–∞–ª—å–Ω–∞—è –º–∞—à–∏–Ω–∞, –≤–æ–¥–æ–Ω–∞–≥—Ä–µ–≤–∞—Ç–µ–ª—å, —Ç–µ–ª–µ–≤–∏–∑–æ—Ä, —Ñ–µ–Ω, —É—Ç—é–≥'), ('–ò–Ω—Ç–µ—Ä–Ω–µ—Ç –∏ –¢–í', 'Wi-Fi, —Ç–µ–ª–µ–≤–∏–¥–µ–Ω–∏–µ'), ('–ö–æ–º—Ñ–æ—Ä—Ç', '–ø–æ—Å—Ç–µ–ª—å–Ω–æ–µ –±–µ–ª—å–µ, –ø–æ–ª–æ—Ç–µ–Ω—Ü–∞, —Å—Ä–µ–¥—Å—Ç–≤–∞ –≥–∏–≥–∏–µ–Ω—ã'), ('–ó–∞–ª–æ–≥', '2000 ‚ÇΩ'), ('–í–æ–∑–º–æ–∂–Ω–∞ –ø–æ–º–µ—Å—è—á–Ω–∞—è –∞—Ä–µ–Ω–¥–∞', '–ù–µ—Ç'), ('–ö–æ–ª–∏—á–µ—Å—Ç–≤–æ –≥–æ—Å—Ç–µ–π', '5'), ('–ú–æ–∂–Ω–æ —Å –¥–µ—Ç—å–º–∏', '–¥–∞'), ('–ú–æ–∂–Ω–æ —Å –∂–∏–≤–æ—Ç–Ω—ã–º–∏', '–Ω–µ—Ç'), ('–ú–æ–∂–Ω–æ –∫—É—Ä–∏—Ç—å', '–Ω–µ—Ç'), ('–†–∞–∑—Ä–µ—à–µ–Ω—ã –≤–µ—á–µ—Ä–∏–Ω–∫–∏', '–Ω–µ—Ç'), ('–ï—Å—Ç—å –æ—Ç—á—ë—Ç–Ω—ã–µ –¥–æ–∫—É–º–µ–Ω—Ç—ã', '–¥–∞'), ('–≠—Ç–∞–∂–µ–π –≤ –¥–æ–º–µ', '10'), ('–ü–∞—Ä–∫–æ–≤–∫–∞', '–Ω–∞ —É–ª–∏—Ü–µ, –±–µ—Å–ø–ª–∞—Ç–Ω–æ –¥–ª—è –≥–æ—Å—Ç–µ–π')]"
2,3359571141,"2-–∫. –∫–≤–∞—Ä—Ç–∏—Ä–∞, 65 –º¬≤, 6/10 —ç—Ç.",2024-07-20 19:02,3000,"–†–µ—Å–ø—É–±–ª–∏–∫–∞ –î–∞–≥–µ—Å—Ç–∞–Ω, –ú–∞—Ö–∞—á–∫–∞–ª–∞, –ø—Ä-—Ç –ì–∞–º–∏–¥–æ–≤–∞, 49–∫9","['–ù–µ–¥–≤–∏–∂–∏–º–æ—Å—Ç—å', '–ö–≤–∞—Ä—Ç–∏—Ä—ã', '–°–Ω—è—Ç—å', '–ü–æ—Å—É—Ç–æ—á–Ω–æ', '2-–∫–æ–º–Ω–∞—Ç–Ω—ã–µ']","–î–ê–¢–´ C–íO–ëO–îH–´–ï !!!
–ï–°–¢–¨ –ò –íA–†–òA–ùT–´ C–êM–´E B–´–ìO–î–ù–´E (( )) –üPE–î–õO–ñE–ù–ò–Ø! (())
–ë–µ–∑ –ø–æc—Ä–µ–¥–Ω–∏–∫–æ–≤! (())–ü–û–°–£T–û–ß–ù–û –ö–í–ê–†–¢–òPA –í M–êXA–ßKA–õE
c–¥a—é –∫–≤–∞—Ä—Ç–∏—Ä—É –≤ —Üe–Ω—Çp–µ –≥–æ—Äo–¥–∞! –øp–∏ ce–±–µ –¥o–∫—É–ºe–Ω—Ç!!! –∫—É—Ä–∏—Ç—å, —à—É–º–µ—Ç—å –∑–∞–øpe—âe–Ωo!!! –¥–æ –≤e—á–µ—Ä–∞ !—Ç–æ–ª—å–∫o pe–∞–ª—å–Ω—ã–µ c—ä–µ–º—â–∏–∫–∏!!! –ø—Ä–∏ —Å–µ–±–µ –¥–æ–∫—É–º–µ–Ω—Ç! —Å –±—Ä–æ–Ω–∏—Ä–æ–≤–∞–Ω–∏–µ–º –ø–ª—é—Å 15 –ø—Ä–æ—Ü–µ–Ω—Ç–æ–≤",2920,"[('–ö–æ–ª–∏—á–µ—Å—Ç–≤–æ –∫–æ–º–Ω–∞—Ç', '2'), ('–ö—Ä–æ–≤–∞—Ç–∏', '1 –æ—Å–æ–±–æ —à–∏—Ä–æ–∫–∞—è'), ('–û–±—â–∞—è –ø–ª–æ—â–∞–¥—å', '65 –º¬≤'), ('–≠—Ç–∞–∂', '6 –∏–∑ 10'), ('–ë–∞–ª–∫–æ–Ω –∏–ª–∏ –ª–æ–¥–∂–∏—è', '–±–∞–ª–∫–æ–Ω'), ('–¢–µ—Ö–Ω–∏–∫–∞', '–∫–æ–Ω–¥–∏—Ü–∏–æ–Ω–µ—Ä, —Ö–æ–ª–æ–¥–∏–ª—å–Ω–∏–∫, –ø–ª–∏—Ç–∞, –º–∏–∫—Ä–æ–≤–æ–ª–Ω–æ–≤–∫–∞, —Ç–µ–ª–µ–≤–∏–∑–æ—Ä, —Ñ–µ–Ω, —É—Ç—é–≥'), ('–ò–Ω—Ç–µ—Ä–Ω–µ—Ç –∏ –¢–í', 'Wi-Fi, —Ç–µ–ª–µ–≤–∏–¥–µ–Ω–∏–µ'), ('–ö–æ–º—Ñ–æ—Ä—Ç', '–ø–æ—Å—Ç–µ–ª—å–Ω–æ–µ –±–µ–ª—å–µ, –ø–æ–ª–æ—Ç–µ–Ω—Ü–∞'), ('–ó–∞–ª–æ–≥', '2500 ‚ÇΩ'), ('–ö–æ–ª–∏—á–µ—Å—Ç–≤–æ –≥–æ—Å—Ç–µ–π', '4'), ('–ú–æ–∂–Ω–æ —Å –¥–µ—Ç—å–º–∏', '–¥–∞'), ('–ú–æ–∂–Ω–æ —Å –∂–∏–≤–æ—Ç–Ω—ã–º–∏', '–Ω–µ—Ç'), ('–ú–æ–∂–Ω–æ –∫—É—Ä–∏—Ç—å', '–Ω–µ—Ç'), ('–†–∞–∑—Ä–µ—à–µ–Ω—ã –≤–µ—á–µ—Ä–∏–Ω–∫–∏', '–Ω–µ—Ç'), ('–ï—Å—Ç—å –æ—Ç—á—ë—Ç–Ω—ã–µ –¥–æ–∫—É–º–µ–Ω—Ç—ã', '–Ω–µ—Ç'), ('–≠—Ç–∞–∂–µ–π –≤ –¥–æ–º–µ', '10'), ('–ü–∞—Ä–∫–æ–≤–∫–∞', '–Ω–∞ —É–ª–∏—Ü–µ, –±–µ—Å–ø–ª–∞—Ç–Ω–æ –¥–ª—è –≥–æ—Å—Ç–µ–π')]"
3,3824747389,"2-–∫. –∫–≤–∞—Ä—Ç–∏—Ä–∞, 78 –º¬≤, 2/4 —ç—Ç.",2024-07-20 10:08,2200,"–†–µ—Å–ø—É–±–ª–∏–∫–∞ –î–∞–≥–µ—Å—Ç–∞–Ω, –ú–∞—Ö–∞—á–∫–∞–ª–∞, 1-–π —Ç—É–ø–∏–∫ –ö–∞–º–º–∞–µ–≤–∞, 7–í","['–ù–µ–¥–≤–∏–∂–∏–º–æ—Å—Ç—å', '–ö–≤–∞—Ä—Ç–∏—Ä—ã', '–°–Ω—è—Ç—å', '–ü–æ—Å—É—Ç–æ—á–Ω–æ', '2-–∫–æ–º–Ω–∞—Ç–Ω—ã–µ']","–°–¥–∞–µ—Çc—è –æ—Ç 2-—Ö c—É—Ç–æ–∫ –∏ –¥–æ–ª—å—à–µ.
–ö–≤–∞p—Ç–∏—Äa –Ω–∞x–æ–¥–∏—Ç—Å—è –≤ p–∞–π–æ–Ωe –∫o–ª—å—Üa Ma–≥o–ºe–¥—Ç–∞–≥–∏—Ä–æ–≤a-–ú–∏—Ä–∑–∞–±–µ–∫–æ–≤a, –Ω–µ–¥–∞–ª–µ–∫–æ –æ—Ç –ø–ª—è–∂–∞, –≤ 15 –º–∏–Ω—É—Ç–∞—Ö o—Ç —Üe–Ω—Ç—Äa. –°–≤e–∂–∏–π pe–ºo–Ω—Ç.
–≤ce —Éc–ª–æ–≤–∏—è –¥–ª—è –∫–æ–º—Ñ–æp—Ç–Ωo–≥–æ –ø—Ä–æ–∂–∏–≤a–Ω–∏—è:
-—Ç–µ–ªe–≤–∏–∑op, —Öo–ªo–¥–∏–ª—å–Ω–∏–∫, –∫–æ–Ω–¥–∏—Ü–∏–æ–Ω–µp, c—Ç–∏pa–ª—å–Ω–∞—è –ºa—à–∏–Ωa, —É—Ç—é–≥. —áa–π–Ω–∏–∫.
-–ø–æ—Å—Çe–ª—å–Ωoe –±–µ–ª—å–µ, –øo–ª–æ—Ç–µ–Ω—Ü–∞, —Å—Ä–µ–¥—Å—Ç–≤–∞ –≥–∏–≥–∏–µ–Ω—ã, –ø–æ—Å—É–¥–∞.
–ó–ê–ï–ó–î –ø–æ—Å–ª–µ 14, –í–´–ï–ó–î –¥–æ 12. –§–æ—Ç–æ –ø–∞—Å–ø–æ—Ä—Ç–∞ –∏ –∑–∞–ª–æ–≥ 2000 –¥–æ –≤—ã–µ–∑–¥–∞ –æ–±—è–∑–∞—Ç–µ–ª—å–Ω–æ.",2693,"[('–ö–æ–ª–∏—á–µ—Å—Ç–≤–æ –∫–æ–º–Ω–∞—Ç', '2'), ('–ö—Ä–æ–≤–∞—Ç–∏', '1 –¥–≤—É—Å–ø–∞–ª—å–Ω–∞—è, 1 –¥–∏–≤–∞–Ω-–∫—Ä–æ–≤–∞—Ç—å'), ('–û–±—â–∞—è –ø–ª–æ—â–∞–¥—å', '78 –º¬≤'), ('–≠—Ç–∞–∂', '2 –∏–∑ 4'), ('–ë–∞–ª–∫–æ–Ω –∏–ª–∏ –ª–æ–¥–∂–∏—è', '–ª–æ–¥–∂–∏—è'), ('–¢–µ—Ö–Ω–∏–∫–∞', '–∫–æ–Ω–¥–∏—Ü–∏–æ–Ω–µ—Ä, —Ö–æ–ª–æ–¥–∏–ª—å–Ω–∏–∫, –ø–ª–∏—Ç–∞, —Å—Ç–∏—Ä–∞–ª—å–Ω–∞—è –º–∞—à–∏–Ω–∞, –≤–æ–¥–æ–Ω–∞–≥—Ä–µ–≤–∞—Ç–µ–ª—å, —Ç–µ–ª–µ–≤–∏–∑–æ—Ä, —Ñ–µ–Ω, —É—Ç—é–≥'), ('–ò–Ω—Ç–µ—Ä–Ω–µ—Ç –∏ –¢–í', 'Wi-Fi, —Ç–µ–ª–µ–≤–∏–¥–µ–Ω–∏–µ'), ('–ö–æ–º—Ñ–æ—Ä—Ç', '–ø–æ—Å—Ç–µ–ª—å–Ω–æ–µ –±–µ–ª—å–µ, –ø–æ–ª–æ—Ç–µ–Ω—Ü–∞, —Å—Ä–µ–¥—Å—Ç–≤–∞ –≥–∏–≥–∏–µ–Ω—ã'), ('–ó–∞–ª–æ–≥', '2000 ‚ÇΩ'), ('–í–æ–∑–º–æ–∂–Ω–∞ –ø–æ–º–µ—Å—è—á–Ω–∞—è –∞—Ä–µ–Ω–¥–∞', '–ù–µ—Ç'), ('–ö–æ–ª–∏—á–µ—Å—Ç–≤–æ –≥–æ—Å—Ç–µ–π', '4'), ('–ú–æ–∂–Ω–æ —Å –¥–µ—Ç—å–º–∏', '–¥–∞'), ('–ú–æ–∂–Ω–æ —Å –∂–∏–≤–æ—Ç–Ω—ã–º–∏', '–Ω–µ—Ç'), ('–ú–æ–∂–Ω–æ –∫—É—Ä–∏—Ç—å', '–Ω–µ—Ç'), ('–†–∞–∑—Ä–µ—à–µ–Ω—ã –≤–µ—á–µ—Ä–∏–Ω–∫–∏', '–Ω–µ—Ç'), ('–ï—Å—Ç—å –æ—Ç—á—ë—Ç–Ω—ã–µ –¥–æ–∫—É–º–µ–Ω—Ç—ã', '–Ω–µ—Ç'), ('–≠—Ç–∞–∂–µ–π –≤ –¥–æ–º–µ', '4'), ('–ü–∞—Ä–∫–æ–≤–∫–∞', '–Ω–∞ —É–ª–∏—Ü–µ, –±–µ—Å–ø–ª–∞—Ç–Ω–æ –¥–ª—è –≥–æ—Å—Ç–µ–π')]"
4,3791813602,"2-–∫. –∫–≤–∞—Ä—Ç–∏—Ä–∞, 65 –º¬≤, 6/13 —ç—Ç.",19 –∏—é–ª—è –≤ 15:09,3000,"–†–µ—Å–ø—É–±–ª–∏–∫–∞ –î–∞–≥–µ—Å—Ç–∞–Ω, –ú–∞—Ö–∞—á–∫–∞–ª–∞, —É–ª. –î–∞–Ω–∏—è–ª–æ–≤–∞, 120–ê","['–ù–µ–¥–≤–∏–∂–∏–º–æ—Å—Ç—å', '–ö–≤–∞—Ä—Ç–∏—Ä—ã', '–°–Ω—è—Ç—å', '–ü–æ—Å—É—Ç–æ—á–Ω–æ', '2-–∫–æ–º–Ω–∞—Ç–Ω—ã–µ']","–†a–¥—ã –ø—Ä–∏–≤e—Ç—Å—Ç–≤–æ–≤–∞—Ç—å –∂–∏—Çe–ª–µ–π –∏ –≥–æ—Å—Ç–µ–π P–µc–ø—É–±–ª–∏–∫–∏.
–°—Ç–∏–ª—å–Ω–∞—è, —É—é—Ç–Ω–∞—è –∫–≤ap—Ç–∏—Ä–∞ —Å –Ω–æ–≤—ã–º, –∫a—áec—Ç–≤e–Ω–Ω—ã–º p–µ–º–æ–Ω—Ç–æ–º –≤ –Ωo–≤–æ–º –¥–æ–º–µ , –≤ –æ–¥–Ω–æ–º –∏–∑ c–∞–º—ã—Ö –≤–æ—Å—Ç—Ä–µ–±–æ–≤–∞–Ω–Ω—ãx p–∞–πo–Ω–æ–≤ –≥opo–¥a.
Bo–∑–ºo–∂–µ–Ω —Ç—Ä–∞–Ωc—Ñe—Ä –æ—Ç –∞—çp–æ–øop—Ça, –ñ–î –≤–æ–∫–∑a–ªa, –∞–≤—Ç–æ–≤–æ–∫–∑a–ªa (–ø–∏ca—Ç—å –≤ –ª–∏—á–Ω—ã–µ co–æ–±—â–µ–Ω–∏—è)
–ò–¥–µa–ª—å–Ωo –øo–¥—Ö–æ–¥–∏—Ç –¥–ª—è –∫o–º–∞–Ω–¥–∏—Ä–æ–≤–æ–∫ –∏ –æ—Ç–¥—ã—Ö–∞. –í—Å—ë –≤–∫–ª—é—á–µ–Ω–æ. –£–¥–æ–±–Ω–æ–µ, –±—ã—Å—Ç—Ä–æ–µ, –∑–∞—Å–µ–ª–µ–Ω–∏–µ 24/7.
üè†–°–¥–∞—ë—Ç—Å—è –ø–æ—Å—É—Ç–æ—á–Ω–æ, –∏ –ø–æ —á–∞—Å–∞–º, –Ω–æ–≤–∞—è —É—é—Ç–Ω–∞—è –∫–≤–∞—Ä—Ç–∏—Ä–∞ —Å –µ–≤—Ä–æ—Ä–µ–º–æ–Ω—Ç–æ–º, –≤—Å–µ–π –Ω–µ–æ–±—Ö–æ–¥–∏–º–æ–π –Ω–æ–≤–æ–π –º–µ–±–µ–ª—å—é –∏ —Ç–µ—Ö–Ω–∏–∫–æ–π.
‚ÄºÔ∏è–ü—Ä–∏ –∑–∞–µ–∑–¥–µ –Ω–µ–æ–±—Ö–æ–¥–∏–º–æ –ø—Ä–∏ —Å–µ–±–µ –∏–º–µ—Ç—å –ø–∞—Å–ø–æ—Ä—Ç.
‚ÄºÔ∏è–ö–≤–∞—Ä—Ç–∏—Ä–∞ –Ω–µ –ø–æ–¥—Ö–æ–¥–∏—Ç –¥–ª—è –ø—Ä–æ–≤–µ–¥–µ–Ω–∏—è –¥–Ω–µ–π —Ä–æ–∂–¥–µ–Ω–∏–π, –≤–µ—á–µ—Ä–∏–Ω–æ–∫ –∏ –¥—Ä—É–≥–∏—Ö —É–≤–µ—Å–µ–ª–∏—Ç–µ–ª—å–Ω—ã—Ö –º–µ—Ä–æ–ø—Ä–∏—è—Ç–∏–π, —Ç–∞–∫ –∂–µ –Ω–µ —Å–¥–∞–µ—Ç—Å—è –ª–∏—Ü–∞–º –º–ª–∞–¥—à–µ 21 –≥–æ–¥–∞‚ÄºÔ∏è
üö≠–ó–ê–ü–†–ï–©–ï–ù–û –ö–£–†–ò–¢–¨ –í –ö–í–ê–†–¢–ò–†–ï.
üïê –ó–∞–µ–∑–¥ –≤/–ø–æ—Å–ª–µ 14:00
üïó –í—ã–µ–∑–¥ –≤/–¥–æ 12:00 (–≤–æ–∑–º–æ–∂–Ω—ã –∏ –¥—Ä—É–≥–∏–µ –≤–∞—Ä–∏–∞–Ω—Ç—ã –ø–æ –¥–æ–≥–æ–≤–æ—Ä—ë–Ω–Ω–æ—Å—Ç–∏).
–í–æ–∑–º–æ–∂–Ω–æ –ø–æ—á–∞—Å–æ–≤–æ–µ –∑–∞—Å–µ–ª–µ–Ω–∏–µ 4 —á–∞—Å–∞ 2000‚ÇΩ.
–ö–≤–∞—Ä—Ç–∏—Ä–∞ —Ä–∞—Å–ø–æ–ª–æ–∂–µ–Ω–∞ –≤ –Ω–æ–≤–æ–º –¥–æ–º–µ –∏ –æ—Å–Ω–∞—â–µ–Ω–∞ –≤—Å–µ–º –Ω–µ–æ–±—Ö–æ–¥–∏–º—ã–º. –í —à–∞–≥–æ–≤–æ–π –¥–æ—Å—Ç—É–ø–Ω–æ—Å—Ç–∏, –¢–†–¶ , —Ä–µ—Å—Ç–æ—Ä–∞–Ω—ã, –∫–∞—Ñ–µ, —Ä—è–¥ –ø—Ä–æ–¥—É–∫—Ç–æ–≤—ã—Ö –º–∞–≥–∞–∑–∏–Ω–æ–≤, –±–æ—É–ª–∏–Ω–≥, —Ñ–∏—Ç–Ω–µ—Å –∑–∞–ª.‚†Ä
üèûÔ∏èüé°üé¢–í 10 –º–∏–Ω—É—Ç–∞—Ö —Ö–æ–¥—å–±—ã, —Ä–∞—Å–ø–æ–ª–æ–∂–µ–Ω –ø–∞—Ä–∫, –¥–æ –º–æ—Ä—è 5 –º–∏–Ω —Ö–æ–¥—å–±—ã.
–í –∫–≤–∞—Ä—Ç–∏—Ä–µ –∏–º–µ–µ—Ç—Å—è –≤—Å–µ –Ω–µ–æ–±—Ö–æ–¥–∏–º–æ–µ –¥–ª—è –≤–∞—à–µ–≥–æ –∫–æ–º—Ñ–æ—Ä—Ç–Ω–æ–≥–æ –ø—Ä–µ–±—ã–≤–∞–Ω–∏—è:
–±–µ—Å–ø–ª–∞—Ç–Ω—ã–π Wi-Fi
—Ç–µ–ª–µ–≤–∏–¥–µ–Ω–∏–µ
—Å—Ç–∏—Ä–∞–ª—å–Ω–∞—è –º–∞—à–∏–Ω–∞
—ç–ª–µ–∫—Ç—Ä–∏—á–µ—Å–∫–∏–π —á–∞–π–Ω–∏–∫
—Ö–æ–ª–æ–¥–∏–ª—å–Ω–∏–∫
–º–∏–∫—Ä–æ–≤–æ–ª–Ω–æ–≤–∞—è –ø–µ—á—å,
–°–ú–ê–†–¢ –¢V,
–∫–æ–Ω–¥–∏—Ü–∏–æ–Ω–µ—Ä,
—Ñ–µ–Ω, —É—Ç—é–≥,
–î–≤–µ –æ–¥–Ω–æ—Å–ø–∞–ª—å–Ω—ã–µ –∫—Ä–æ–≤–∞—Ç–∏ —Å –æ—Ä—Ç–æ–ø–µ–¥–∏—á–µ—Å–∫–∏–º –º–∞—Ç—Ä–∞—Å–æ–º, –¥–≤—É—Ö—Å–ø–∞–ª—å–Ω—ã–π —Ä–∞—Å–∫–ª–∞–¥–Ω–æ–π –¥–∏–≤–∞–Ω, –¥–≤—É—Ö—Å–ø–∞–ª—å–Ω–∞—è –∫—Ä–æ–≤–∞—Ç—å —à–∫–∞—Ñ-–∫—É–ø–µ, –≥–ª–∞–¥–∏–ª—å–Ω–∞—è –¥–æ—Å–∫–∞, —á–∏—Å—Ç–æ–µ –±–µ–ª—å—ë, –ø–æ–ª–æ—Ç–µ–Ω—Ü–∞, –∫—É—Ö–æ–Ω–Ω–∞—è —É—Ç–≤–∞—Ä—å, –ø—Ä–µ–¥–º–µ—Ç—ã –ª–∏—á–Ω–æ–π –≥–∏–≥–∏–µ–Ω—ã. –°–ø–∞–ª—å–Ω—ã—Ö 6 –º–µ—Å—Ç.
–í—Å–µ —Ñ–æ—Ç–æ–≥—Ä–∞—Ñ–∏–∏ —Å–æ–æ—Ç–≤–µ—Ç—Å—Ç–≤—É—é—Ç —Ñ–∞–∫—Ç–∏—á–µ—Å–∫–æ–º—É —Å–æ—Å—Ç–æ—è–Ω–∏—é –∫–≤–∞—Ä—Ç–∏—Ä—ã –∏ –µ–µ –æ—Å–Ω–∞—â–µ–Ω–Ω–æ—Å—Ç–∏.
–ö–≤–∞—Ä—Ç–∏—Ä–∞ –ø–æ—Å–ª–µ —Ä–µ–º–æ–Ω—Ç–∞ , —Å–¥–∞–µ—Ç—Å—è –≤–ø–µ—Ä–≤—ã–µ. –í –∫–≤–∞—Ä—Ç–∏—Ä–µ –≤—Å–µ –Ω–æ–≤–æ–µ.",95,"[('–ö–æ–ª–∏—á–µ—Å—Ç–≤–æ –∫–æ–º–Ω–∞—Ç', '2'), ('–ö—Ä–æ–≤–∞—Ç–∏', '1 –¥–∏–≤–∞–Ω-–∫—Ä–æ–≤–∞—Ç—å, 2 –æ–¥–Ω–æ—Å–ø–∞–ª—å–Ω—ã—Ö'), ('–û–±—â–∞—è –ø–ª–æ—â–∞–¥—å', '65 –º¬≤'), ('–≠—Ç–∞–∂', '6 –∏–∑ 13'), ('–ë–∞–ª–∫–æ–Ω –∏–ª–∏ –ª–æ–¥–∂–∏—è', '–±–∞–ª–∫–æ–Ω'), ('–ó–∞–ª–æ–≥', '0 ‚ÇΩ'), ('–í–æ–∑–º–æ–∂–Ω–∞ –ø–æ–º–µ—Å—è—á–Ω–∞—è –∞—Ä–µ–Ω–¥–∞', '–ù–µ—Ç'), ('–ö–æ–ª–∏—á–µ—Å—Ç–≤–æ –≥–æ—Å—Ç–µ–π', '4'), ('–ú–æ–∂–Ω–æ —Å –¥–µ—Ç—å–º–∏', '–¥–∞'), ('–ú–æ–∂–Ω–æ —Å –∂–∏–≤–æ—Ç–Ω—ã–º–∏', '–Ω–µ—Ç'), ('–ú–æ–∂–Ω–æ –∫—É—Ä–∏—Ç—å', '–Ω–µ—Ç'), ('–†–∞–∑—Ä–µ—à–µ–Ω—ã –≤–µ—á–µ—Ä–∏–Ω–∫–∏', '–Ω–µ—Ç'), ('–ï—Å—Ç—å –æ—Ç—á—ë—Ç–Ω—ã–µ –¥–æ–∫—É–º–µ–Ω—Ç—ã', '–Ω–µ—Ç'), ('–≠—Ç–∞–∂–µ–π –≤ –¥–æ–º–µ', '13'), ('–ü–∞—Ä–∫–æ–≤–∫–∞', '–Ω–∞ —É–ª–∏—Ü–µ, –±–µ—Å–ø–ª–∞—Ç–Ω–æ –¥–ª—è –≥–æ—Å—Ç–µ–π')]"
